user,type,ts,client_msg_id,text,team,attachments,blocks
U02F33WP5FX,message,1716042616.654539,CC964B6A-76C4-42CF-B796-460D256963FC,<https://youtu.be/lrebGkYy7pE?si=0lbIkizxWO8MefXk|https://youtu.be/lrebGkYy7pE?si=0lbIkizxWO8MefXk>,T02FVNL7X6U,"[{'from_url': 'https://youtu.be/lrebGkYy7pE?si=0lbIkizxWO8MefXk', 'service_icon': 'https://a.slack-edge.com/80588/img/unfurl_icons/youtube.png', 'thumb_url': 'https://i.ytimg.com/vi/lrebGkYy7pE/hqdefault.jpg', 'thumb_width': 480, 'thumb_height': 360, 'video_html': '<iframe width=""400"" height=""225"" src=""https://www.youtube.com/embed/lrebGkYy7pE?feature=oembed&autoplay=1&iv_load_policy=3"" frameborder=""0"" allow=""accelerometer; autoplay; clipboard-write; encrypted-media; gyroscope; picture-in-picture; web-share"" referrerpolicy=""strict-origin-when-cross-origin"" allowfullscreen title=""These 12 Lawmakers Agree: It&#39;s Time to Leave Congress | NYT Opinion""></iframe>', 'video_html_width': 400, 'video_html_height': 225, 'id': 1, 'original_url': 'https://youtu.be/lrebGkYy7pE?si=0lbIkizxWO8MefXk', 'fallback': ""YouTube Video: These 12 Lawmakers Agree: It's Time to Leave Congress | NYT Opinion"", 'title': ""These 12 Lawmakers Agree: It's Time to Leave Congress | NYT Opinion"", 'title_link': 'https://youtu.be/lrebGkYy7pE?si=0lbIkizxWO8MefXk', 'author_name': 'The New York Times', 'author_link': 'https://www.youtube.com/@nytimes', 'service_name': 'YouTube', 'service_url': 'https://www.youtube.com/'}]","[{'type': 'rich_text', 'block_id': 'Hy5ZJ', 'elements': [{'type': 'rich_text_section', 'elements': [{'type': 'link', 'url': 'https://youtu.be/lrebGkYy7pE?si=0lbIkizxWO8MefXk', 'text': 'https://youtu.be/lrebGkYy7pE?si=0lbIkizxWO8MefXk'}]}]}]"
U02F33WP5FX,message,1714913428.592679,FCDF3A69-0A12-4B14-B4E8-364BE71BF14C,"<https://podcasts.apple.com/us/podcast/theories-of-everything-with-curt-jaimungal/id1521758802?i=1000654451317|https://podcasts.apple.com/us/podcast/theories-of-everything-with-curt-jaimungal/id1521758802?i=1000654451317>

32:00 “what do you actually mean?… people have so many interpretations and definitions.”
“Unless we have common ground we won’t be able to settle the disputes.” ",T02FVNL7X6U,"[{'image_url': 'https://is1-ssl.mzstatic.com/image/thumb/Podcasts126/v4/98/04/23/98042359-0341-5f6b-a86a-8ba5bb9c36cd/mza_8251706822468949176.jpg/1200x630wp.png', 'image_width': 1200, 'image_height': 630, 'image_bytes': 269046, 'from_url': 'https://podcasts.apple.com/us/podcast/theories-of-everything-with-curt-jaimungal/id1521758802?i=1000654451317', 'service_icon': 'https://podcasts.apple.com/favicon.ico', 'id': 1, 'original_url': 'https://podcasts.apple.com/us/podcast/theories-of-everything-with-curt-jaimungal/id1521758802?i=1000654451317', 'fallback': 'Apple Podcasts: \u200eTheories of Everything with Curt Jaimungal: Consciousness, Free Will, The Subconscious, Quantum Mechanics | George Musser on Apple Podcasts', 'text': '\u200eShow Theories of Everything with Curt Jaimungal, Ep Consciousness, Free Will, The Subconscious, Quantum Mechanics | George Musser - May 3, 2024', 'title': '\u200eTheories of Everything with Curt Jaimungal: Consciousness, Free Will, The Subconscious, Quantum Mechanics | George Musser on Apple Podcasts', 'title_link': 'https://podcasts.apple.com/us/podcast/theories-of-everything-with-curt-jaimungal/id1521758802?i=1000654451317', 'service_name': 'Apple Podcasts'}]","[{'type': 'rich_text', 'block_id': '8jcbA', 'elements': [{'type': 'rich_text_section', 'elements': [{'type': 'link', 'url': 'https://podcasts.apple.com/us/podcast/theories-of-everything-with-curt-jaimungal/id1521758802?i=1000654451317', 'text': 'https://podcasts.apple.com/us/podcast/theories-of-everything-with-curt-jaimungal/id1521758802?i=1000654451317'}, {'type': 'text', 'text': '\n\n32:00 “what do you actually mean?… people have so many interpretations and definitions.”\n“Unless we have common ground we '}, {'type': 'text', 'text': 'won’t'}, {'type': 'text', 'text': ' be able to settle the disputes.” '}]}]}]"
U02F33WP5FX,message,1713235979.587979,,"One of the best “public calls for alignment” I have heard so far.
<https://podcasts.apple.com/us/podcast/making-sense-with-sam-harris/id733163012?i=1000652525999>",T02FVNL7X6U,"[{'from_url': 'https://podcasts.apple.com/us/podcast/making-sense-with-sam-harris/id733163012?i=1000652525999', 'image_url': 'https://is1-ssl.mzstatic.com/image/thumb/Podcasts123/v4/5b/70/e7/5b70e7ed-6c28-654b-99b1-f243bff3dbe5/mza_8512518449833623366.png/1200x630wp.png', 'image_width': 1200, 'image_height': 630, 'image_bytes': 53984, 'service_icon': 'https://podcasts.apple.com/favicon.ico', 'id': 1, 'original_url': 'https://podcasts.apple.com/us/podcast/making-sense-with-sam-harris/id733163012?i=1000652525999', 'fallback': 'Apple Podcasts: \u200eMaking Sense with Sam Harris: #363 — Knowledge Work on Apple Podcasts', 'text': '\u200eShow Making Sense with Sam Harris, Ep #363 — Knowledge Work - Apr 15, 2024', 'title': '\u200eMaking Sense with Sam Harris: #363 — Knowledge Work on Apple Podcasts', 'title_link': 'https://podcasts.apple.com/us/podcast/making-sense-with-sam-harris/id733163012?i=1000652525999', 'service_name': 'Apple Podcasts'}]","[{'type': 'rich_text', 'block_id': '/pN', 'elements': [{'type': 'rich_text_section', 'elements': [{'type': 'text', 'text': 'One of the best “public calls for alignment” I have heard so far.\n'}, {'type': 'link', 'url': 'https://podcasts.apple.com/us/podcast/making-sense-with-sam-harris/id733163012?i=1000652525999'}]}]}]"
U02F33WP5FX,message,1709862196.481119,3C626D7D-9355-4B38-9911-9D74A020D7BF,<https://youtube.com/shorts/fUgmUwnOwws?si=VcO0emCr0cAn1g_G|https://youtube.com/shorts/fUgmUwnOwws?si=VcO0emCr0cAn1g_G>,T02FVNL7X6U,"[{'from_url': 'https://youtube.com/shorts/fUgmUwnOwws?si=VcO0emCr0cAn1g_G', 'thumb_url': 'https://i.ytimg.com/vi/fUgmUwnOwws/hqdefault.jpg?sqp=-oaymwEoCOADEOgC8quKqQMcGADwAQH4AbYIgAKAD4oCDAgAEAEYciBSKEQwDw==&rs=AOn4CLB-YNqqGeJEAtvvOGEHUojMwMDuRw', 'thumb_width': 480, 'thumb_height': 360, 'image_url': 'https://i.ytimg.com/vi/fUgmUwnOwws/hqdefault.jpg?sqp=-oaymwEoCOADEOgC8quKqQMcGADwAQH4AbYIgAKAD4oCDAgAEAEYciBSKEQwDw==&rs=AOn4CLB-YNqqGeJEAtvvOGEHUojMwMDuRw', 'image_width': 480, 'image_height': 360, 'image_bytes': 11580, 'service_icon': 'https://www.youtube.com/s/desktop/3c5cb7b3/img/favicon.ico', 'id': 1, 'original_url': 'https://youtube.com/shorts/fUgmUwnOwws?si=VcO0emCr0cAn1g_G', 'fallback': 'YouTube: Why Jeff Bezos Prefers Group Inventions', 'text': ""Explore how teamwork fuels Jeff Bezos' groundbreaking ideas in this video. LIKE &amp; SUBSCRIBE FOR MORE!"", 'title': 'Why Jeff Bezos Prefers Group Inventions', 'title_link': 'https://youtube.com/shorts/fUgmUwnOwws?si=VcO0emCr0cAn1g_G', 'service_name': 'YouTube'}]","[{'type': 'rich_text', 'block_id': 'qh/hR', 'elements': [{'type': 'rich_text_section', 'elements': [{'type': 'link', 'url': 'https://youtube.com/shorts/fUgmUwnOwws?si=VcO0emCr0cAn1g_G', 'text': 'https://youtube.com/shorts/fUgmUwnOwws?si=VcO0emCr0cAn1g_G'}]}]}]"
U02F33WP5FX,message,1709477682.955229,B48B0031-424B-42D7-9860-ADF2FF284C03,<https://youtube.com/shorts/1cHKhvJe2UY?si=ohHztvJqU46HYAn8|https://youtube.com/shorts/1cHKhvJe2UY?si=ohHztvJqU46HYAn8>,T02FVNL7X6U,"[{'image_url': 'https://i.ytimg.com/vi/1cHKhvJe2UY/hqdefault.jpg?sqp=-oaymwEoCOADEOgC8quKqQMcGADwAQH4AbYIgAKAD4oCDAgAEAEYciBEKDswDw==&rs=AOn4CLAYycfj6rBulZ6e20SZxTiuFi-PdA', 'image_width': 480, 'image_height': 360, 'image_bytes': 12788, 'from_url': 'https://youtube.com/shorts/1cHKhvJe2UY?si=ohHztvJqU46HYAn8', 'service_icon': 'https://www.youtube.com/s/desktop/77953cee/img/favicon.ico', 'thumb_url': 'https://i.ytimg.com/vi/1cHKhvJe2UY/hqdefault.jpg?sqp=-oaymwEoCOADEOgC8quKqQMcGADwAQH4AbYIgAKAD4oCDAgAEAEYciBEKDswDw==&rs=AOn4CLAYycfj6rBulZ6e20SZxTiuFi-PdA', 'thumb_width': 480, 'thumb_height': 360, 'id': 1, 'original_url': 'https://youtube.com/shorts/1cHKhvJe2UY?si=ohHztvJqU46HYAn8', 'fallback': 'YouTube: Jeff Bezos on Why Companies Fail to Make the Right Decisions', 'text': ""Delve into Jeff Bezos' insights on why companies struggle to make the right decisions. LIKE &amp; SUBSCRIBE FOR MORE!"", 'title': 'Jeff Bezos on Why Companies Fail to Make the Right Decisions', 'title_link': 'https://youtube.com/shorts/1cHKhvJe2UY?si=ohHztvJqU46HYAn8', 'service_name': 'YouTube'}]","[{'type': 'rich_text', 'block_id': 'sxx/h', 'elements': [{'type': 'rich_text_section', 'elements': [{'type': 'link', 'url': 'https://youtube.com/shorts/1cHKhvJe2UY?si=ohHztvJqU46HYAn8', 'text': 'https://youtube.com/shorts/1cHKhvJe2UY?si=ohHztvJqU46HYAn8'}]}]}]"
U02F33WP5FX,message,1707684081.748409,21DDD91F-E67D-4636-A52A-0AF09C80D0DE,"Dude minute 9-10. 
<https://youtu.be/xQJq9nVSa4E?si=eUfG19BIVn8NVOR3|https://youtu.be/xQJq9nVSa4E?si=eUfG19BIVn8NVOR3>",T02FVNL7X6U,"[{'from_url': 'https://youtu.be/xQJq9nVSa4E?si=eUfG19BIVn8NVOR3', 'service_icon': 'https://a.slack-edge.com/80588/img/unfurl_icons/youtube.png', 'thumb_url': 'https://i.ytimg.com/vi/xQJq9nVSa4E/hqdefault.jpg', 'thumb_width': 480, 'thumb_height': 360, 'video_html': '<iframe width=""400"" height=""225"" src=""https://www.youtube.com/embed/xQJq9nVSa4E?feature=oembed&autoplay=1&iv_load_policy=3"" frameborder=""0"" allow=""accelerometer; autoplay; clipboard-write; encrypted-media; gyroscope; picture-in-picture; web-share"" allowfullscreen title=""Race &amp; Reason: A Conversation with Coleman Hughes (Episode #353)""></iframe>', 'video_html_width': 400, 'video_html_height': 225, 'id': 1, 'original_url': 'https://youtu.be/xQJq9nVSa4E?si=eUfG19BIVn8NVOR3', 'fallback': 'YouTube Video: Race & Reason: A Conversation with Coleman Hughes (Episode #353)', 'title': 'Race &amp; Reason: A Conversation with Coleman Hughes (Episode #353)', 'title_link': 'https://youtu.be/xQJq9nVSa4E?si=eUfG19BIVn8NVOR3', 'author_name': 'Sam Harris', 'author_link': 'https://www.youtube.com/@samharrisorg', 'service_name': 'YouTube', 'service_url': 'https://www.youtube.com/'}]","[{'type': 'rich_text', 'block_id': 'X77Ya', 'elements': [{'type': 'rich_text_section', 'elements': [{'type': 'text', 'text': 'Dude minute 9-10. \n'}, {'type': 'link', 'url': 'https://youtu.be/xQJq9nVSa4E?si=eUfG19BIVn8NVOR3', 'text': 'https://youtu.be/xQJq9nVSa4E?si=eUfG19BIVn8NVOR3'}]}]}]"
U02FX0RGVH6,message,1706812346.041159,DF439311-11F3-4671-8BA0-D82C34B46AED,<https://youtu.be/TkCo1vHgIQM?si=2KfcJXMrlv3nlFQv|https://youtu.be/TkCo1vHgIQM?si=2KfcJXMrlv3nlFQv>,T02FVNL7X6U,"[{'from_url': 'https://youtu.be/TkCo1vHgIQM?si=2KfcJXMrlv3nlFQv', 'service_icon': 'https://a.slack-edge.com/80588/img/unfurl_icons/youtube.png', 'thumb_url': 'https://i.ytimg.com/vi/TkCo1vHgIQM/hqdefault.jpg', 'thumb_width': 480, 'thumb_height': 360, 'video_html': '<iframe width=""400"" height=""225"" src=""https://www.youtube.com/embed/TkCo1vHgIQM?feature=oembed&autoplay=1&iv_load_policy=3"" frameborder=""0"" allow=""accelerometer; autoplay; clipboard-write; encrypted-media; gyroscope; picture-in-picture; web-share"" allowfullscreen title=""Sam Harris: Debating conspiracy theorists, wokeness, Trump, collapse of Intellectual Dark Web""></iframe>', 'video_html_width': 400, 'video_html_height': 225, 'id': 1, 'original_url': 'https://youtu.be/TkCo1vHgIQM?si=2KfcJXMrlv3nlFQv', 'fallback': 'YouTube Video: Sam Harris: Debating conspiracy theorists, wokeness, Trump, collapse of Intellectual Dark Web', 'title': 'Sam Harris: Debating conspiracy theorists, wokeness, Trump, collapse of Intellectual Dark Web', 'title_link': 'https://youtu.be/TkCo1vHgIQM?si=2KfcJXMrlv3nlFQv', 'author_name': 'David Pakman Show', 'author_link': 'https://www.youtube.com/@thedavidpakmanshow', 'service_name': 'YouTube', 'service_url': 'https://www.youtube.com/'}]","[{'type': 'rich_text', 'block_id': '9niHQ', 'elements': [{'type': 'rich_text_section', 'elements': [{'type': 'link', 'url': 'https://youtu.be/TkCo1vHgIQM?si=2KfcJXMrlv3nlFQv', 'text': 'https://youtu.be/TkCo1vHgIQM?si=2KfcJXMrlv3nlFQv'}]}]}]"
U02F33WP5FX,message,1706279789.650509,522DF5D4-D091-447F-819E-F65E810A3F0F,<https://youtu.be/5xgbRxA_7DI?si=mZuRrjEcn3UYiY9e|https://youtu.be/5xgbRxA_7DI?si=mZuRrjEcn3UYiY9e>,T02FVNL7X6U,"[{'from_url': 'https://youtu.be/5xgbRxA_7DI?si=mZuRrjEcn3UYiY9e', 'service_icon': 'https://a.slack-edge.com/80588/img/unfurl_icons/youtube.png', 'thumb_url': 'https://i.ytimg.com/vi/5xgbRxA_7DI/hqdefault.jpg', 'thumb_width': 480, 'thumb_height': 360, 'video_html': '<iframe width=""400"" height=""225"" src=""https://www.youtube.com/embed/5xgbRxA_7DI?feature=oembed&autoplay=1&iv_load_policy=3"" frameborder=""0"" allow=""accelerometer; autoplay; clipboard-write; encrypted-media; gyroscope; picture-in-picture; web-share"" allowfullscreen title=""ACADEMIA IS BROKEN! The publishing scandal happening right now""></iframe>', 'video_html_width': 400, 'video_html_height': 225, 'id': 1, 'original_url': 'https://youtu.be/5xgbRxA_7DI?si=mZuRrjEcn3UYiY9e', 'fallback': 'YouTube Video: ACADEMIA IS BROKEN! The publishing scandal happening right now', 'title': 'ACADEMIA IS BROKEN! The publishing scandal happening right now', 'title_link': 'https://youtu.be/5xgbRxA_7DI?si=mZuRrjEcn3UYiY9e', 'author_name': 'Andy Stapleton', 'author_link': 'https://www.youtube.com/@DrAndyStapleton', 'service_name': 'YouTube', 'service_url': 'https://www.youtube.com/'}]","[{'type': 'rich_text', 'block_id': 'c9tC1', 'elements': [{'type': 'rich_text_section', 'elements': [{'type': 'link', 'url': 'https://youtu.be/5xgbRxA_7DI?si=mZuRrjEcn3UYiY9e', 'text': 'https://youtu.be/5xgbRxA_7DI?si=mZuRrjEcn3UYiY9e'}]}]}]"
U02F33WP5FX,message,1706056830.255269,,<https://youtube.com/watch?v=czyJpgZxpWs&amp;si=YI6haof06izYiU0R>,T02FVNL7X6U,"[{'from_url': 'https://youtube.com/watch?v=czyJpgZxpWs&amp;si=YI6haof06izYiU0R', 'thumb_url': 'https://i.ytimg.com/vi/czyJpgZxpWs/hqdefault.jpg', 'thumb_width': 480, 'thumb_height': 360, 'video_html': '<iframe width=""400"" height=""225"" src=""https://www.youtube.com/embed/czyJpgZxpWs?feature=oembed&autoplay=1&iv_load_policy=3"" frameborder=""0"" allow=""accelerometer; autoplay; clipboard-write; encrypted-media; gyroscope; picture-in-picture; web-share"" allowfullscreen title=""Can the media ever be impartial? | Philip Collins, Matthew Goodwin, Sophie Scott-Brown""></iframe>', 'video_html_width': 400, 'video_html_height': 225, 'service_icon': 'https://a.slack-edge.com/80588/img/unfurl_icons/youtube.png', 'id': 1, 'original_url': 'https://youtube.com/watch?v=czyJpgZxpWs&amp;si=YI6haof06izYiU0R', 'fallback': 'YouTube Video: Can the media ever be impartial? | Philip Collins, Matthew Goodwin, Sophie Scott-Brown', 'title': 'Can the media ever be impartial? | Philip Collins, Matthew Goodwin, Sophie Scott-Brown', 'title_link': 'https://youtube.com/watch?v=czyJpgZxpWs&amp;si=YI6haof06izYiU0R', 'author_name': 'The Institute of Art and Ideas', 'author_link': 'https://www.youtube.com/@TheInstituteOfArtAndIdeas', 'service_name': 'YouTube', 'service_url': 'https://www.youtube.com/'}]","[{'type': 'rich_text', 'block_id': 'p=4', 'elements': [{'type': 'rich_text_section', 'elements': [{'type': 'link', 'url': 'https://youtube.com/watch?v=czyJpgZxpWs&amp;si=YI6haof06izYiU0R', 'text': 'https://youtube.com/watch?v=czyJpgZxpWs&si=YI6haof06izYiU0R'}]}]}]"
U02F33WP5FX,message,1705973349.452329,,"
<https://apple.news/ArrrFBhCqSfGrwDkGluirWg>",T02FVNL7X6U,"[{'from_url': 'https://apple.news/ArrrFBhCqSfGrwDkGluirWg', 'service_icon': 'https://apple.news/images/apple-touch-icon_v6.png', 'thumb_url': 'https://apple.news/images/AppiconOpenGraph_v6.png', 'thumb_width': 400, 'thumb_height': 400, 'id': 1, 'original_url': 'https://apple.news/ArrrFBhCqSfGrwDkGluirWg', 'fallback': 'AI is destabilizing ‘the concept of truth itself’ in 2024 election — The Washington Post', 'text': 'Politicians are swatting away potentially damning photos and videos — from former president Donald Trump to a Taiwanese official — by saying they are AI generated.', 'title': 'AI is destabilizing ‘the concept of truth itself’ in 2024 election — The Washington Post', 'title_link': 'https://apple.news/ArrrFBhCqSfGrwDkGluirWg', 'service_name': 'apple.news'}]","[{'type': 'rich_text', 'block_id': 'MFhK', 'elements': [{'type': 'rich_text_section', 'elements': [{'type': 'link', 'url': 'https://apple.news/ArrrFBhCqSfGrwDkGluirWg'}]}]}]"
U02F33WP5FX,message,1705503335.792719,,"Founder of TED talks. The beginning of this detailing how he doesn’t see how humanity can solve its problems without being able to effectively communicate. 
<https://podcasts.apple.com/us/podcast/making-sense-with-sam-harris/id733163012?i=1000641883236|https://podcasts.apple.com/us/podcast/making-sense-with-sam-harris/id733163012?i=1000641883236>",T02FVNL7X6U,"[{'from_url': 'https://podcasts.apple.com/us/podcast/making-sense-with-sam-harris/id733163012?i=1000641883236', 'image_url': 'https://is1-ssl.mzstatic.com/image/thumb/Podcasts123/v4/5b/70/e7/5b70e7ed-6c28-654b-99b1-f243bff3dbe5/mza_8512518449833623366.png/1200x630wp.png', 'image_width': 1200, 'image_height': 630, 'image_bytes': 53996, 'service_icon': 'https://podcasts.apple.com/favicon.ico', 'id': 1, 'original_url': 'https://podcasts.apple.com/us/podcast/making-sense-with-sam-harris/id733163012?i=1000641883236', 'fallback': 'Apple Podcasts: \u200eMaking Sense with Sam Harris: #349 — Generosity, Cynicism, and the Future of Doing Good on Apple Podcasts', 'text': '\u200eShow Making Sense with Sam Harris, Ep #349 — Generosity, Cynicism, and the Future of Doing Good - Jan 16, 2024', 'title': '\u200eMaking Sense with Sam Harris: #349 — Generosity, Cynicism, and the Future of Doing Good on Apple Podcasts', 'title_link': 'https://podcasts.apple.com/us/podcast/making-sense-with-sam-harris/id733163012?i=1000641883236', 'service_name': 'Apple Podcasts'}]","[{'type': 'rich_text', 'block_id': 'O/Qte', 'elements': [{'type': 'rich_text_section', 'elements': [{'type': 'text', 'text': 'Founder of TED talks. The beginning of this detailing how he doesn’t see how humanity can solve its problems without being able to effectively communicate'}, {'type': 'text', 'text': '.'}, {'type': 'text', 'text': ' \n'}, {'type': 'link', 'url': 'https://podcasts.apple.com/us/podcast/making-sense-with-sam-harris/id733163012?i=1000641883236', 'text': 'https://podcasts.apple.com/us/podcast/making-sense-with-sam-harris/id733163012?i=1000641883236'}]}]}]"
U02FX0RGVH6,message,1705356535.228919,82d10ff1-3f89-4b0e-91fa-0dc572a0c20f,<https://thethinkingshop.org/>,T02FVNL7X6U,"[{'from_url': 'https://thethinkingshop.org/', 'image_url': 'http://thethinkingshop.org/cdn/shop/files/TTS_hero_meta_01-1_1200x630.jpg?v=1613783773', 'image_width': 1200, 'image_height': 628, 'image_bytes': 168395, 'service_icon': 'http://thethinkingshop.org/cdn/shop/files/SoTCircle_32x32.png?v=1613783769', 'id': 1, 'original_url': 'https://thethinkingshop.org/', 'fallback': 'thethinkingshop: The Thinking Shop', 'text': 'Printed and downloadable creative and critical thinking resources. Provided under Creative Commons license by School of Thought, a 501c3 non profit organization.', 'title': 'The Thinking Shop', 'title_link': 'https://thethinkingshop.org/', 'service_name': 'thethinkingshop'}]","[{'type': 'rich_text', 'block_id': 'OiQ2D', 'elements': [{'type': 'rich_text_section', 'elements': [{'type': 'link', 'url': 'https://thethinkingshop.org/'}]}]}]"
U02FX0RGVH6,message,1705340113.802489,2615018F-B7BA-44C0-8236-968E7B1D9A86,"AI people say human in the loop, we say alignment. Our definition is broader and has much bigger total addressable applications market than how AI researchers tend to think about dealing with problems like this by having a human in the loop. 

<https://www.linkedin.com/posts/nayur_llm-genai-generativeai-ugcPost-7152399871382024192-u2mT?utm_source=share&amp;utm_medium=member_ios|https://www.linkedin.com/posts/nayur_llm-genai-generativeai-ugcPost-7152399871382024192-u2mT?utm_source=share&amp;utm_medium=member_ios>",T02FVNL7X6U,"[{'from_url': 'https://www.linkedin.com/posts/nayur_llm-genai-generativeai-ugcPost-7152399871382024192-u2mT?utm_source=share&utm_medium=member_ios', 'image_url': 'https://media.licdn.com/dms/image/D4E22AQFIWlNNXipaPQ/feedshare-shrink_2048_1536/0/1705265012490?e=2147483647&v=beta&t=_axEkpY8R2ap-8HbnDJKD6JPxwz2VBF96jCwf_8RiwM', 'image_width': 1125, 'image_height': 1363, 'image_bytes': 133372, 'service_icon': 'https://static.licdn.com/aero-v1/sc/h/al2o9zrvru7aqj8e1x2rzsrca', 'id': 1, 'original_url': 'https://www.linkedin.com/posts/nayur_llm-genai-generativeai-ugcPost-7152399871382024192-u2mT?utm_source=share&amp;utm_medium=member_ios', 'fallback': 'Nayur Khan on LinkedIn: #llm #genai #generativeai | 14 comments', 'text': 'Not good :disappointed: A recent paper by Anthropic has been causing quite a stir online - they have proven that LLMs can have malicious “sleeper” behaviour secretly… | 14 comments on LinkedIn', 'title': 'Nayur Khan on LinkedIn: #llm #genai #generativeai | 14 comments', 'title_link': 'https://www.linkedin.com/posts/nayur_llm-genai-generativeai-ugcPost-7152399871382024192-u2mT?utm_source=share&utm_medium=member_ios', 'service_name': 'linkedin.com'}]","[{'type': 'rich_text', 'block_id': 'j9VCL', 'elements': [{'type': 'rich_text_section', 'elements': [{'type': 'text', 'text': 'AI people say human in the loop, we say alignment. Our definition is broader and has much bigger total addressable applications market than how AI researchers tend to think about dealing with problems like this by having a human in the loop. \n\n'}, {'type': 'link', 'url': 'https://www.linkedin.com/posts/nayur_llm-genai-generativeai-ugcPost-7152399871382024192-u2mT?utm_source=share&utm_medium=member_ios', 'text': 'https://www.linkedin.com/posts/nayur_llm-genai-generativeai-ugcPost-7152399871382024192-u2mT?utm_source=share&utm_medium=member_ios'}]}]}]"
U02F33WP5FX,message,1704639428.866169,,"60 mins talking about how social media is causing social divide.
<https://youtu.be/SCyLiLPrmIM?si=cXaw6hU24lEhu1Nf|https://youtu.be/SCyLiLPrmIM?si=cXaw6hU24lEhu1Nf>",T02FVNL7X6U,"[{'from_url': 'https://youtu.be/SCyLiLPrmIM?si=cXaw6hU24lEhu1Nf', 'thumb_url': 'https://i.ytimg.com/vi/SCyLiLPrmIM/hqdefault.jpg', 'thumb_width': 480, 'thumb_height': 360, 'video_html': '<iframe width=""400"" height=""225"" src=""https://www.youtube.com/embed/SCyLiLPrmIM?feature=oembed&autoplay=1&iv_load_policy=3"" frameborder=""0"" allow=""accelerometer; autoplay; clipboard-write; encrypted-media; gyroscope; picture-in-picture; web-share"" allowfullscreen title=""Anger in America and faith in our democracy | 60 Minutes Full Episodes""></iframe>', 'video_html_width': 400, 'video_html_height': 225, 'service_icon': 'https://a.slack-edge.com/80588/img/unfurl_icons/youtube.png', 'id': 1, 'original_url': 'https://youtu.be/SCyLiLPrmIM?si=cXaw6hU24lEhu1Nf', 'fallback': 'YouTube Video: Anger in America and faith in our democracy | 60 Minutes Full Episodes', 'title': 'Anger in America and faith in our democracy | 60 Minutes Full Episodes', 'title_link': 'https://youtu.be/SCyLiLPrmIM?si=cXaw6hU24lEhu1Nf', 'author_name': '60 Minutes', 'author_link': 'https://www.youtube.com/@60minutes', 'service_name': 'YouTube', 'service_url': 'https://www.youtube.com/'}]","[{'type': 'rich_text', 'block_id': 'b4TwO', 'elements': [{'type': 'rich_text_section', 'elements': [{'type': 'text', 'text': '60 mins talking about how social media is causing social divide.\n'}, {'type': 'link', 'url': 'https://youtu.be/SCyLiLPrmIM?si=cXaw6hU24lEhu1Nf', 'text': 'https://youtu.be/SCyLiLPrmIM?si=cXaw6hU24lEhu1Nf'}]}]}]"
U02FX0RGVH6,message,1704309609.232039,307981a9-5560-42e2-bee0-728e9930336b,Not exactly in spirit of this channel. But I love this explanation <https://www.youtube.com/watch?v=w11mI67R95I>,T02FVNL7X6U,"[{'from_url': 'https://www.youtube.com/watch?v=w11mI67R95I', 'thumb_url': 'https://i.ytimg.com/vi/w11mI67R95I/hqdefault.jpg', 'thumb_width': 480, 'thumb_height': 360, 'video_html': '<iframe width=""400"" height=""300"" src=""https://www.youtube.com/embed/w11mI67R95I?feature=oembed&autoplay=1&iv_load_policy=3"" frameborder=""0"" allow=""accelerometer; autoplay; clipboard-write; encrypted-media; gyroscope; picture-in-picture; web-share"" allowfullscreen title=""Roger Penrose explains Godel&#39;s incompleteness theorem in 3 minutes""></iframe>', 'video_html_width': 400, 'video_html_height': 300, 'service_icon': 'https://a.slack-edge.com/80588/img/unfurl_icons/youtube.png', 'id': 1, 'original_url': 'https://www.youtube.com/watch?v=w11mI67R95I', 'fallback': ""YouTube Video: Roger Penrose explains Godel's incompleteness theorem in 3 minutes"", 'title': ""Roger Penrose explains Godel's incompleteness theorem in 3 minutes"", 'title_link': 'https://www.youtube.com/watch?v=w11mI67R95I', 'author_name': 'Bruno Belli', 'author_link': 'https://www.youtube.com/@brunobelli2540', 'service_name': 'YouTube', 'service_url': 'https://www.youtube.com/'}]","[{'type': 'rich_text', 'block_id': 'EecV5', 'elements': [{'type': 'rich_text_section', 'elements': [{'type': 'text', 'text': 'Not exactly in spirit of this channel. But I love this explanation '}, {'type': 'link', 'url': 'https://www.youtube.com/watch?v=w11mI67R95I'}]}]}]"
U02F33WP5FX,message,1704256315.125379,,"Bezos. Super clear reason for why AS is valuable.
<https://youtube.com/shorts/iShvxvrW41g?si=i7rZEOgEr5U6SmT8|https://youtube.com/shorts/iShvxvrW41g?si=i7rZEOgEr5U6SmT8>",T02FVNL7X6U,"[{'from_url': 'https://youtube.com/shorts/iShvxvrW41g?si=i7rZEOgEr5U6SmT8', 'thumb_url': 'https://i.ytimg.com/vi/iShvxvrW41g/hqdefault.jpg?sqp=-oaymwEoCOADEOgC8quKqQMcGADwAQH4AbYIgAKAD4oCDAgAEAEYciBLKEAwDw==&rs=AOn4CLChogb5ciMFN3xKL3kvjZABMeqTCA', 'thumb_width': 480, 'thumb_height': 360, 'image_url': 'https://i.ytimg.com/vi/iShvxvrW41g/hqdefault.jpg?sqp=-oaymwEoCOADEOgC8quKqQMcGADwAQH4AbYIgAKAD4oCDAgAEAEYciBLKEAwDw==&rs=AOn4CLChogb5ciMFN3xKL3kvjZABMeqTCA', 'image_width': 480, 'image_height': 360, 'image_bytes': 11349, 'service_icon': 'https://www.youtube.com/s/desktop/bcd251ee/img/favicon.ico', 'id': 1, 'original_url': 'https://youtube.com/shorts/iShvxvrW41g?si=i7rZEOgEr5U6SmT8', 'fallback': ""YouTube: Jeff Bezos on Why Amazon Meetings Don't Use PowerPoint"", 'text': 'Discover why Amazon Meetings thrive without PowerPoint. LIKE &amp; SUBSCRIBE FOR MORE!', 'title': ""Jeff Bezos on Why Amazon Meetings Don't Use PowerPoint"", 'title_link': 'https://youtube.com/shorts/iShvxvrW41g?si=i7rZEOgEr5U6SmT8', 'service_name': 'YouTube'}]","[{'type': 'rich_text', 'block_id': 'kxbai', 'elements': [{'type': 'rich_text_section', 'elements': [{'type': 'text', 'text': 'Bezos. Super clear reason for why AS is valuable.\n'}, {'type': 'link', 'url': 'https://youtube.com/shorts/iShvxvrW41g?si=i7rZEOgEr5U6SmT8', 'text': 'https://youtube.com/shorts/iShvxvrW41g?si=i7rZEOgEr5U6SmT8'}]}]}]"
U02F33WP5FX,message,1704131120.989989,,This is a good example of a logical fallacy that is very difficult to debunk in a standard debate setting. Ricky does a good job but you can tell much of the audience is unconvinced. ,T02FVNL7X6U,,"[{'type': 'rich_text', 'block_id': 'ug=7', 'elements': [{'type': 'rich_text_section', 'elements': [{'type': 'text', 'text': 'This is a good example of a logical fallacy that is very difficult to debunk in a standard debate setting. Ricky does a good job but you can tell much of the audience is unconvinced.'}]}]}]"
U02F33WP5FX,message,1703718619.850509,,<https://youtube.com/shorts/7KzmampXPDU?si=bOfbhXbrjdsfWQ0X>,T02FVNL7X6U,"[{'from_url': 'https://youtube.com/shorts/7KzmampXPDU?si=bOfbhXbrjdsfWQ0X', 'thumb_url': 'https://i.ytimg.com/vi/7KzmampXPDU/hqdefault.jpg?sqp=-oaymwEoCOADEOgC8quKqQMcGADwAQH4Ac4FgAKACooCDAgAEAEYWyBbKFswDw==&rs=AOn4CLDvamddcoLX6efaa2uEuXdNpy0oPQ', 'thumb_width': 480, 'thumb_height': 360, 'image_url': 'https://i.ytimg.com/vi/7KzmampXPDU/hqdefault.jpg?sqp=-oaymwEoCOADEOgC8quKqQMcGADwAQH4Ac4FgAKACooCDAgAEAEYWyBbKFswDw==&rs=AOn4CLDvamddcoLX6efaa2uEuXdNpy0oPQ', 'image_width': 480, 'image_height': 360, 'image_bytes': 10228, 'service_icon': 'https://www.youtube.com/s/desktop/28b0985e/img/favicon.ico', 'id': 1, 'original_url': 'https://youtube.com/shorts/7KzmampXPDU?si=bOfbhXbrjdsfWQ0X', 'fallback': 'YouTube: What’s the best piece of advice you’ve ever received?', 'title': 'What’s the best piece of advice you’ve ever received?', 'title_link': 'https://youtube.com/shorts/7KzmampXPDU?si=bOfbhXbrjdsfWQ0X', 'service_name': 'YouTube'}]","[{'type': 'rich_text', 'block_id': 'kjlb', 'elements': [{'type': 'rich_text_section', 'elements': [{'type': 'link', 'url': 'https://youtube.com/shorts/7KzmampXPDU?si=bOfbhXbrjdsfWQ0X'}]}]}]"
U02FX0RGVH6,message,1703262655.059449,af0c560c-fd2f-437d-92f7-f8d5d913b8f7,"We should reach out to Eric hartford someday, after more experimenting with <http://ollama.ai|ollama.ai> - <https://erichartford.com/uncensored-models>",T02FVNL7X6U,"[{'image_url': 'https://hashnode.com/utility/r?url=https%3A%2F%2Fcdn.hashnode.com%2Fres%2Fhashnode%2Fimage%2Fupload%2Fv1684106916112%2F79224ba1-66e8-4bca-abbb-168bdca0c2f1.png%3Fw%3D1200%26h%3D630%26fit%3Dcrop%26crop%3Dentropy%26auto%3Dcompress%2Cformat%26format%3Dwebp%26fm%3Dpng', 'image_width': 1200, 'image_height': 630, 'image_bytes': 61922, 'from_url': 'https://erichartford.com/uncensored-models', 'service_icon': 'https://cdn.hashnode.com/res/hashnode/image/upload/v1611242155728/W3_BYVVVh.png', 'id': 1, 'original_url': 'https://erichartford.com/uncensored-models', 'fallback': 'Cognitive Computations: Uncensored Models', 'text': 'I am publishing this because many people are asking me how I did it, so I will explain.\n<https://huggingface.co/ehartford/WizardLM-30B-Uncensored>\n<https://huggingface.co/ehartford/WizardLM-13B-Uncensored>\n<https://huggingface.co/ehartford/WizardLM-7B-Unc>...', 'title': 'Uncensored Models', 'title_link': 'https://erichartford.com/uncensored-models', 'service_name': 'Cognitive Computations'}]","[{'type': 'rich_text', 'block_id': '8/ZKa', 'elements': [{'type': 'rich_text_section', 'elements': [{'type': 'text', 'text': 'We should reach out to Eric hartford someday, after more experimenting with '}, {'type': 'link', 'url': 'http://ollama.ai', 'text': 'ollama.ai'}, {'type': 'text', 'text': ' - '}, {'type': 'link', 'url': 'https://erichartford.com/uncensored-models'}]}]}]"
U02F33WP5FX,message,1703168482.510599,C9633212-B5C0-4B38-863B-126700097671,"<@U02FX0RGVH6> this is incredible. Listen to 2:27 - 2:32. Bach makes the case for QPL in the sciences.
<https://podcasts.apple.com/us/podcast/theories-of-everything-with-curt-jaimungal/id1521758802?i=1000638329661|https://podcasts.apple.com/us/podcast/theories-of-everything-with-curt-jaimungal/id1521758802?i=1000638329661>",T02FVNL7X6U,"[{'image_url': 'https://is1-ssl.mzstatic.com/image/thumb/Podcasts126/v4/98/04/23/98042359-0341-5f6b-a86a-8ba5bb9c36cd/mza_8251706822468949176.jpg/1200x630wp.png', 'image_width': 1200, 'image_height': 630, 'image_bytes': 269058, 'from_url': 'https://podcasts.apple.com/us/podcast/theories-of-everything-with-curt-jaimungal/id1521758802?i=1000638329661', 'service_icon': 'https://podcasts.apple.com/favicon.ico', 'id': 1, 'original_url': 'https://podcasts.apple.com/us/podcast/theories-of-everything-with-curt-jaimungal/id1521758802?i=1000638329661', 'fallback': 'Apple Podcasts: \u200eTheories of Everything with Curt Jaimungal: Joscha Bach Λ Karl Friston: Ai, Death, Self, God, Consciousness on Apple Podcasts', 'text': '\u200eShow Theories of Everything with Curt Jaimungal, Ep Joscha Bach Λ Karl Friston: Ai, Death, Self, God, Consciousness - Dec 12, 2023', 'title': '\u200eTheories of Everything with Curt Jaimungal: Joscha Bach Λ Karl Friston: Ai, Death, Self, God, Consciousness on Apple Podcasts', 'title_link': 'https://podcasts.apple.com/us/podcast/theories-of-everything-with-curt-jaimungal/id1521758802?i=1000638329661', 'service_name': 'Apple Podcasts'}]","[{'type': 'rich_text', 'block_id': 'ziIf5', 'elements': [{'type': 'rich_text_section', 'elements': [{'type': 'user', 'user_id': 'U02FX0RGVH6'}, {'type': 'text', 'text': ' this is incredible'}, {'type': 'text', 'text': '.'}, {'type': 'text', 'text': ' Listen to 2:27 - 2:32. Bach makes the case for QPL in the sciences.\n'}, {'type': 'link', 'url': 'https://podcasts.apple.com/us/podcast/theories-of-everything-with-curt-jaimungal/id1521758802?i=1000638329661', 'text': 'https://podcasts.apple.com/us/podcast/theories-of-everything-with-curt-jaimungal/id1521758802?i=1000638329661'}]}]}]"
U02F33WP5FX,message,1702665324.129779,,<https://youtube.com/watch?v=JL4OoKJyNrc&amp;si=sxJqduIb96RSFA7N>,T02FVNL7X6U,"[{'from_url': 'https://youtube.com/watch?v=JL4OoKJyNrc&amp;si=sxJqduIb96RSFA7N', 'thumb_url': 'https://i.ytimg.com/vi/JL4OoKJyNrc/hqdefault.jpg', 'thumb_width': 480, 'thumb_height': 360, 'video_html': '<iframe width=""400"" height=""225"" src=""https://www.youtube.com/embed/JL4OoKJyNrc?feature=oembed&autoplay=1&iv_load_policy=3"" frameborder=""0"" allow=""accelerometer; autoplay; clipboard-write; encrypted-media; gyroscope; picture-in-picture; web-share"" allowfullscreen title=""Jeff Bezos: Truth is uncomfortable | Lex Fridman Podcast Clips""></iframe>', 'video_html_width': 400, 'video_html_height': 225, 'service_icon': 'https://a.slack-edge.com/80588/img/unfurl_icons/youtube.png', 'id': 1, 'original_url': 'https://youtube.com/watch?v=JL4OoKJyNrc&amp;si=sxJqduIb96RSFA7N', 'fallback': 'YouTube Video: Jeff Bezos: Truth is uncomfortable | Lex Fridman Podcast Clips', 'title': 'Jeff Bezos: Truth is uncomfortable | Lex Fridman Podcast Clips', 'title_link': 'https://youtube.com/watch?v=JL4OoKJyNrc&amp;si=sxJqduIb96RSFA7N', 'author_name': 'Lex Clips', 'author_link': 'https://www.youtube.com/@LexClips', 'service_name': 'YouTube', 'service_url': 'https://www.youtube.com/'}]","[{'type': 'rich_text', 'block_id': 'CVBJ', 'elements': [{'type': 'rich_text_section', 'elements': [{'type': 'link', 'url': 'https://youtube.com/watch?v=JL4OoKJyNrc&amp;si=sxJqduIb96RSFA7N', 'text': 'https://youtube.com/watch?v=JL4OoKJyNrc&si=sxJqduIb96RSFA7N'}]}]}]"
U02F33WP5FX,message,1702521251.456909,,<https://youtube.com/shorts/XX5go3E1iYI?si=64iBfLU1PuzXjCVl>,T02FVNL7X6U,"[{'from_url': 'https://youtube.com/shorts/XX5go3E1iYI?si=64iBfLU1PuzXjCVl', 'thumb_url': 'https://i.ytimg.com/vi/XX5go3E1iYI/hq2.jpg?sqp=-oaymwEoCOADEOgC8quKqQMcGADwAQH4Ac4FgAKACooCDAgAEAEYciBQKEEwDw==&rs=AOn4CLBSV4Z5HQc0ZZXHTZuqyJ0wdnhr4Q', 'thumb_width': 480, 'thumb_height': 360, 'image_url': 'https://i.ytimg.com/vi/XX5go3E1iYI/hq2.jpg?sqp=-oaymwEoCOADEOgC8quKqQMcGADwAQH4Ac4FgAKACooCDAgAEAEYciBQKEEwDw==&rs=AOn4CLBSV4Z5HQc0ZZXHTZuqyJ0wdnhr4Q', 'image_width': 480, 'image_height': 360, 'image_bytes': 9712, 'service_icon': 'https://www.youtube.com/s/desktop/cf791362/img/favicon.ico', 'id': 1, 'original_url': 'https://youtube.com/shorts/XX5go3E1iYI?si=64iBfLU1PuzXjCVl', 'fallback': ""YouTube: 'Twitter is Not a Town Square' :bird: #shorts"", 'text': 'From a recent appearance on #realtimers by @hbo with #QuentinTarantino, #BillMaher and #GillianTett.Link in bio for more!Filmed on Oct 28 2022#twitter #elonm...', 'title': ""'Twitter is Not a Town Square' :bird: #shorts"", 'title_link': 'https://youtube.com/shorts/XX5go3E1iYI?si=64iBfLU1PuzXjCVl', 'service_name': 'YouTube'}]","[{'type': 'rich_text', 'block_id': '=mQKc', 'elements': [{'type': 'rich_text_section', 'elements': [{'type': 'link', 'url': 'https://youtube.com/shorts/XX5go3E1iYI?si=64iBfLU1PuzXjCVl'}]}]}]"
U02F33WP5FX,message,1701666082.948119,17ED391A-92A5-4A05-BD93-DCDA9548755A,<https://youtube.com/shorts/DSKKJVF060Y?si=KZcdwaW4th3ajd-m|https://youtube.com/shorts/DSKKJVF060Y?si=KZcdwaW4th3ajd-m>,T02FVNL7X6U,"[{'image_url': 'https://i.ytimg.com/vi/DSKKJVF060Y/hq2.jpg?sqp=-oaymwEoCOADEOgC8quKqQMcGADwAQH4Ac4FgAKACooCDAgAEAEYSCBbKGUwDw==&rs=AOn4CLDUex9EedNSxt-PAfEfwNzFZfKMQg', 'image_width': 480, 'image_height': 360, 'image_bytes': 9780, 'from_url': 'https://youtube.com/shorts/DSKKJVF060Y?si=KZcdwaW4th3ajd-m', 'service_icon': 'https://www.youtube.com/s/desktop/2a835f78/img/favicon.ico', 'thumb_url': 'https://i.ytimg.com/vi/DSKKJVF060Y/hq2.jpg?sqp=-oaymwEoCOADEOgC8quKqQMcGADwAQH4Ac4FgAKACooCDAgAEAEYSCBbKGUwDw==&rs=AOn4CLDUex9EedNSxt-PAfEfwNzFZfKMQg', 'thumb_width': 480, 'thumb_height': 360, 'id': 1, 'original_url': 'https://youtube.com/shorts/DSKKJVF060Y?si=KZcdwaW4th3ajd-m', 'fallback': 'YouTube: Science Is Ignorance | YNH Short', 'text': 'How did science truly begin?Surprisingly, the pursuit of knowledge didn’t set the stage for modern science. Instead, it was a revolutionary idea—the recognit...', 'title': 'Science Is Ignorance | YNH Short', 'title_link': 'https://youtube.com/shorts/DSKKJVF060Y?si=KZcdwaW4th3ajd-m', 'service_name': 'YouTube'}]","[{'type': 'rich_text', 'block_id': 'bySWb', 'elements': [{'type': 'rich_text_section', 'elements': [{'type': 'link', 'url': 'https://youtube.com/shorts/DSKKJVF060Y?si=KZcdwaW4th3ajd-m', 'text': 'https://youtube.com/shorts/DSKKJVF060Y?si=KZcdwaW4th3ajd-m'}]}]}]"
U02F33WP5FX,message,1700687487.066119,A47DD005-19D5-4D5B-8917-31C58CD859A8,<https://youtu.be/GaUoIBTGXzo?si=NCuLUqTifWQz2DBh|https://youtu.be/GaUoIBTGXzo?si=NCuLUqTifWQz2DBh>,T02FVNL7X6U,"[{'from_url': 'https://youtu.be/GaUoIBTGXzo?si=NCuLUqTifWQz2DBh', 'service_icon': 'https://a.slack-edge.com/80588/img/unfurl_icons/youtube.png', 'thumb_url': 'https://i.ytimg.com/vi/GaUoIBTGXzo/hqdefault.jpg', 'thumb_width': 480, 'thumb_height': 360, 'video_html': '<iframe width=""400"" height=""225"" src=""https://www.youtube.com/embed/GaUoIBTGXzo?feature=oembed&autoplay=1&iv_load_policy=3"" frameborder=""0"" allow=""accelerometer; autoplay; clipboard-write; encrypted-media; gyroscope; picture-in-picture; web-share"" allowfullscreen title=""How productive arguments can bring us closer together | Bo Seo, Esther Perel, and Dan Shapiro""></iframe>', 'video_html_width': 400, 'video_html_height': 225, 'id': 1, 'original_url': 'https://youtu.be/GaUoIBTGXzo?si=NCuLUqTifWQz2DBh', 'fallback': 'YouTube Video: How productive arguments can bring us closer together | Bo Seo, Esther Perel, and Dan Shapiro', 'title': 'How productive arguments can bring us closer together | Bo Seo, Esther Perel, and Dan Shapiro', 'title_link': 'https://youtu.be/GaUoIBTGXzo?si=NCuLUqTifWQz2DBh', 'author_name': 'Big Think', 'author_link': 'https://www.youtube.com/@bigthink', 'service_name': 'YouTube', 'service_url': 'https://www.youtube.com/'}]","[{'type': 'rich_text', 'block_id': 'Rkahw', 'elements': [{'type': 'rich_text_section', 'elements': [{'type': 'link', 'url': 'https://youtu.be/GaUoIBTGXzo?si=NCuLUqTifWQz2DBh', 'text': 'https://youtu.be/GaUoIBTGXzo?si=NCuLUqTifWQz2DBh'}]}]}]"
U02F33WP5FX,message,1700630060.051339,D7EC4226-1E1A-41B3-8F7B-7F200684CFC1,"Joscha is calling for something damn close to QPL. This is a must listen. Only 4 mins.
<https://youtu.be/I3f5l3IqmeU?si=s4QOn_tCstIqPoId|https://youtu.be/I3f5l3IqmeU?si=s4QOn_tCstIqPoId>",T02FVNL7X6U,"[{'from_url': 'https://youtu.be/I3f5l3IqmeU?si=s4QOn_tCstIqPoId', 'service_icon': 'https://a.slack-edge.com/80588/img/unfurl_icons/youtube.png', 'thumb_url': 'https://i.ytimg.com/vi/I3f5l3IqmeU/hqdefault.jpg', 'thumb_width': 480, 'thumb_height': 360, 'video_html': '<iframe width=""400"" height=""225"" src=""https://www.youtube.com/embed/I3f5l3IqmeU?feature=oembed&autoplay=1&iv_load_policy=3"" frameborder=""0"" allow=""accelerometer; autoplay; clipboard-write; encrypted-media; gyroscope; picture-in-picture; web-share"" allowfullscreen title=""Science Today - @DAIHeidelberg_Official""></iframe>', 'video_html_width': 400, 'video_html_height': 225, 'id': 1, 'original_url': 'https://youtu.be/I3f5l3IqmeU?si=s4QOn_tCstIqPoId', 'fallback': 'YouTube Video: Science Today - @DAIHeidelberg_Official', 'title': 'Science Today - @DAIHeidelberg_Official', 'title_link': 'https://youtu.be/I3f5l3IqmeU?si=s4QOn_tCstIqPoId', 'author_name': 'Joscha Bach Bits', 'author_link': 'https://www.youtube.com/@joschabachbits', 'service_name': 'YouTube', 'service_url': 'https://www.youtube.com/'}]","[{'type': 'rich_text', 'block_id': '3yE3k', 'elements': [{'type': 'rich_text_section', 'elements': [{'type': 'text', 'text': 'Joscha'}, {'type': 'text', 'text': ' '}, {'type': 'text', 'text': 'is calling for something damn close to QPL. This is a must listen. Only 4 mins.\n'}, {'type': 'link', 'url': 'https://youtu.be/I3f5l3IqmeU?si=s4QOn_tCstIqPoId', 'text': 'https://youtu.be/I3f5l3IqmeU?si=s4QOn_tCstIqPoId'}]}]}]"
U02F33WP5FX,message,1700350977.023079,08C962E8-36B0-4924-89EF-F4E2B76DC4EC,"The morality of war is extremely complicated. So, consequently, are the ethics of commenting on it.

<https://www.economist.com/by-invitation/2023/11/10/david-enoch-argues-that-much-of-the-public-discourse-on-the-israel-hamas-conflict-is-depressingly-simplistic|https://www.economist.com/by-invitation/2023/11/10/david-enoch-argues-that-much-of-the-public-discourse-on-the-israel-hamas-conflict-is-depressingly-simplistic>",T02FVNL7X6U,"[{'from_url': 'https://www.economist.com/by-invitation/2023/11/10/david-enoch-argues-that-much-of-the-public-discourse-on-the-israel-hamas-conflict-is-depressingly-simplistic', 'service_icon': 'https://www.economist.com/engassets/ico/touch-icon-120x120.png', 'thumb_url': 'https://www.economist.com/img/b/1280/720/90/media-assets/image/20231111_BID005.jpg', 'thumb_width': 1280, 'thumb_height': 720, 'id': 1, 'original_url': 'https://www.economist.com/by-invitation/2023/11/10/david-enoch-argues-that-much-of-the-public-discourse-on-the-israel-hamas-conflict-is-depressingly-simplistic', 'fallback': 'The Economist: David Enoch argues that much of the public discourse on the Israel-Hamas conflict is depressingly simplistic', 'text': 'Intellectuals should be more honest about the uncertainties, says the legal philosopher', 'title': 'David Enoch argues that much of the public discourse on the Israel-Hamas conflict is depressingly simplistic', 'title_link': 'https://www.economist.com/by-invitation/2023/11/10/david-enoch-argues-that-much-of-the-public-discourse-on-the-israel-hamas-conflict-is-depressingly-simplistic', 'service_name': 'The Economist'}]","[{'type': 'rich_text', 'block_id': 'xwZ9s', 'elements': [{'type': 'rich_text_section', 'elements': [{'type': 'text', 'text': 'The morality of war is extremely complicated. So, consequently, are the ethics of commenting on it.\n\n'}, {'type': 'link', 'url': 'https://www.economist.com/by-invitation/2023/11/10/david-enoch-argues-that-much-of-the-public-discourse-on-the-israel-hamas-conflict-is-depressingly-simplistic', 'text': 'https://www.economist.com/by-invitation/2023/11/10/david-enoch-argues-that-much-of-the-public-discourse-on-the-israel-hamas-conflict-is-depressingly-simplistic'}]}]}]"
U02F33WP5FX,message,1700324344.962209,D56A2CE5-0B84-4E85-950E-8F6F5BBD15A2,"“We need methods of global collaboration. If we cannot do that we have very little chance of surviving the 21st century.” - Yuval Harari 
<https://youtu.be/-nn5pYczJM0?si=RSPxVT_DRsvZ33By|https://youtu.be/-nn5pYczJM0?si=RSPxVT_DRsvZ33By>",T02FVNL7X6U,"[{'from_url': 'https://youtu.be/-nn5pYczJM0?si=RSPxVT_DRsvZ33By', 'service_icon': 'https://a.slack-edge.com/80588/img/unfurl_icons/youtube.png', 'thumb_url': 'https://i.ytimg.com/vi/-nn5pYczJM0/hqdefault.jpg', 'thumb_width': 480, 'thumb_height': 360, 'video_html': '<iframe width=""400"" height=""225"" src=""https://www.youtube.com/embed/-nn5pYczJM0?feature=oembed&autoplay=1&iv_load_policy=3"" frameborder=""0"" allow=""accelerometer; autoplay; clipboard-write; encrypted-media; gyroscope; picture-in-picture; web-share"" allowfullscreen title=""The return of wars, explained | Yuval Noah Harari""></iframe>', 'video_html_width': 400, 'video_html_height': 225, 'id': 1, 'original_url': 'https://youtu.be/-nn5pYczJM0?si=RSPxVT_DRsvZ33By', 'fallback': 'YouTube Video: The return of wars, explained | Yuval Noah Harari', 'title': 'The return of wars, explained | Yuval Noah Harari', 'title_link': 'https://youtu.be/-nn5pYczJM0?si=RSPxVT_DRsvZ33By', 'author_name': 'Yuval Noah Harari', 'author_link': 'https://www.youtube.com/@YuvalNoahHarari', 'service_name': 'YouTube', 'service_url': 'https://www.youtube.com/'}]","[{'type': 'rich_text', 'block_id': 'U/0nv', 'elements': [{'type': 'rich_text_section', 'elements': [{'type': 'text', 'text': '“We need methods of global collaboration'}, {'type': 'text', 'text': '.'}, {'type': 'text', 'text': ' If we cannot do that we have very little chance of surviving the 21st century'}, {'type': 'text', 'text': '.'}, {'type': 'text', 'text': '” - Yuval Harari \n'}, {'type': 'link', 'url': 'https://youtu.be/-nn5pYczJM0?si=RSPxVT_DRsvZ33By', 'text': 'https://youtu.be/-nn5pYczJM0?si=RSPxVT_DRsvZ33By'}]}]}]"
U02F33WP5FX,message,1700322844.114679,71315457-BC15-4711-9134-2811D12B81B3,<https://youtu.be/KW4yBSV4U38?si=pBOTjWCKaUw2LNi3|https://youtu.be/KW4yBSV4U38?si=pBOTjWCKaUw2LNi3>,T02FVNL7X6U,"[{'from_url': 'https://youtu.be/KW4yBSV4U38?si=pBOTjWCKaUw2LNi3', 'service_icon': 'https://a.slack-edge.com/80588/img/unfurl_icons/youtube.png', 'thumb_url': 'https://i.ytimg.com/vi/KW4yBSV4U38/hqdefault.jpg', 'thumb_width': 480, 'thumb_height': 360, 'video_html': '<iframe width=""400"" height=""225"" src=""https://www.youtube.com/embed/KW4yBSV4U38?feature=oembed&autoplay=1&iv_load_policy=3"" frameborder=""0"" allow=""accelerometer; autoplay; clipboard-write; encrypted-media; gyroscope; picture-in-picture; web-share"" allowfullscreen title=""Is Science Dying?""></iframe>', 'video_html_width': 400, 'video_html_height': 225, 'id': 1, 'original_url': 'https://youtu.be/KW4yBSV4U38?si=pBOTjWCKaUw2LNi3', 'fallback': 'YouTube Video: Is Science Dying?', 'title': 'Is Science Dying?', 'title_link': 'https://youtu.be/KW4yBSV4U38?si=pBOTjWCKaUw2LNi3', 'author_name': 'Sabine Hossenfelder', 'author_link': 'https://www.youtube.com/@SabineHossenfelder', 'service_name': 'YouTube', 'service_url': 'https://www.youtube.com/'}]","[{'type': 'rich_text', 'block_id': 'YxHAP', 'elements': [{'type': 'rich_text_section', 'elements': [{'type': 'link', 'url': 'https://youtu.be/KW4yBSV4U38?si=pBOTjWCKaUw2LNi3', 'text': 'https://youtu.be/KW4yBSV4U38?si=pBOTjWCKaUw2LNi3'}]}]}]"
U02F33WP5FX,message,1699629986.875179,AC4E164B-E37A-4321-BA68-7BDB7D9AE72E,"30 mins in. Social media is dehumanizing because it has no room for seeing both sides or complex ideas.

<https://youtu.be/K5tcwIicICg?si=Bdhhh7NZWr0OS-Xt|https://youtu.be/K5tcwIicICg?si=Bdhhh7NZWr0OS-Xt>",T02FVNL7X6U,"[{'from_url': 'https://youtu.be/K5tcwIicICg?si=Bdhhh7NZWr0OS-Xt', 'service_icon': 'https://a.slack-edge.com/80588/img/unfurl_icons/youtube.png', 'thumb_url': 'https://i.ytimg.com/vi/K5tcwIicICg/hqdefault.jpg', 'thumb_width': 480, 'thumb_height': 360, 'video_html': '<iframe width=""400"" height=""225"" src=""https://www.youtube.com/embed/K5tcwIicICg?feature=oembed&autoplay=1&iv_load_policy=3"" frameborder=""0"" allow=""accelerometer; autoplay; clipboard-write; encrypted-media; gyroscope; picture-in-picture; web-share"" allowfullscreen title=""Political scientist Ian Bremmer on the Israeli-Palestinian conflict""></iframe>', 'video_html_width': 400, 'video_html_height': 225, 'id': 1, 'original_url': 'https://youtu.be/K5tcwIicICg?si=Bdhhh7NZWr0OS-Xt', 'fallback': 'YouTube Video: Political scientist Ian Bremmer on the Israeli-Palestinian conflict', 'title': 'Political scientist Ian Bremmer on the Israeli-Palestinian conflict', 'title_link': 'https://youtu.be/K5tcwIicICg?si=Bdhhh7NZWr0OS-Xt', 'author_name': 'Big Think', 'author_link': 'https://www.youtube.com/@bigthink', 'service_name': 'YouTube', 'service_url': 'https://www.youtube.com/'}]","[{'type': 'rich_text', 'block_id': 'kcZjy', 'elements': [{'type': 'rich_text_section', 'elements': [{'type': 'text', 'text': '30 mins in. Social media is dehumanizing because it has no room for seeing both sides or complex ideas.\n\n'}, {'type': 'link', 'url': 'https://youtu.be/K5tcwIicICg?si=Bdhhh7NZWr0OS-Xt', 'text': 'https://youtu.be/K5tcwIicICg?si=Bdhhh7NZWr0OS-Xt'}]}]}]"
U02F33WP5FX,message,1697813884.641159,3655C014-5EB9-43B3-AE77-8C46E776BD9A,<https://youtu.be/Nrenme_XixQ?si=iA1RWXqT0GT5ukyW|https://youtu.be/Nrenme_XixQ?si=iA1RWXqT0GT5ukyW>,T02FVNL7X6U,"[{'from_url': 'https://youtu.be/Nrenme_XixQ?si=iA1RWXqT0GT5ukyW', 'service_icon': 'https://a.slack-edge.com/80588/img/unfurl_icons/youtube.png', 'thumb_url': 'https://i.ytimg.com/vi/Nrenme_XixQ/hqdefault.jpg', 'thumb_width': 480, 'thumb_height': 360, 'video_html': '<iframe width=""400"" height=""225"" src=""https://www.youtube.com/embed/Nrenme_XixQ?feature=oembed&autoplay=1&iv_load_policy=3"" frameborder=""0"" allow=""accelerometer; autoplay; clipboard-write; encrypted-media; gyroscope; picture-in-picture; web-share"" allowfullscreen title=""Have a controversial idea? Good. Here’s why you should share it. | Peter Singer""></iframe>', 'video_html_width': 400, 'video_html_height': 225, 'id': 1, 'original_url': 'https://youtu.be/Nrenme_XixQ?si=iA1RWXqT0GT5ukyW', 'fallback': 'YouTube Video: Have a controversial idea? Good. Here’s why you should share it. | Peter Singer', 'title': 'Have a controversial idea? Good. Here’s why you should share it. | Peter Singer', 'title_link': 'https://youtu.be/Nrenme_XixQ?si=iA1RWXqT0GT5ukyW', 'author_name': 'Big Think', 'author_link': 'https://www.youtube.com/@bigthink', 'service_name': 'YouTube', 'service_url': 'https://www.youtube.com/'}]","[{'type': 'rich_text', 'block_id': 'LANNg', 'elements': [{'type': 'rich_text_section', 'elements': [{'type': 'link', 'url': 'https://youtu.be/Nrenme_XixQ?si=iA1RWXqT0GT5ukyW', 'text': 'https://youtu.be/Nrenme_XixQ?si=iA1RWXqT0GT5ukyW'}]}]}]"
U02F33WP5FX,message,1696426527.547679,,"About 1hour into the podcast they start discussing ways to “argue towards truth” in our social media era. 
Alignment systems is absolutely the solution they are looking for (imo). 
But basically as soon as we get MVP we could potentially go involve this lawyer, since he is a major free speech advocate and is calling for a solution to the problem that Alignment Systems explicitly solves. 
<https://podcasts.apple.com/us/podcast/lex-fridman-podcast/id1434243584?i=1000629016031>",T02FVNL7X6U,"[{'from_url': 'https://podcasts.apple.com/us/podcast/lex-fridman-podcast/id1434243584?i=1000629016031', 'image_url': 'https://is1-ssl.mzstatic.com/image/thumb/Podcasts115/v4/3e/e3/9c/3ee39c89-de08-47a6-7f3d-3849cef6d255/mza_16657851278549137484.png/1200x630wp.png', 'image_width': 1200, 'image_height': 630, 'image_bytes': 273027, 'service_icon': 'https://podcasts.apple.com/favicon.ico', 'id': 1, 'original_url': 'https://podcasts.apple.com/us/podcast/lex-fridman-podcast/id1434243584?i=1000629016031', 'fallback': 'Apple Podcasts: \u200eLex Fridman Podcast: #397 – Greg Lukianoff: Cancel Culture, Deplatforming, Censorship &amp; Free Speech on Apple Podcasts', 'text': '\u200eShow Lex Fridman Podcast, Ep #397 – Greg Lukianoff: Cancel Culture, Deplatforming, Censorship &amp; Free Speech - Sep 24, 2023', 'title': '\u200eLex Fridman Podcast: #397 – Greg Lukianoff: Cancel Culture, Deplatforming, Censorship &amp; Free Speech on Apple Podcasts', 'title_link': 'https://podcasts.apple.com/us/podcast/lex-fridman-podcast/id1434243584?i=1000629016031', 'service_name': 'Apple Podcasts'}]","[{'type': 'rich_text', 'block_id': 'GIjZr', 'elements': [{'type': 'rich_text_section', 'elements': [{'type': 'text', 'text': 'About 1hour into the podcast they start discussing ways to “argue towards truth” in our social media era. \nAlignment systems is absolutely the solution they are looking for (imo). \nBut basically as soon as we get MVP we could potentially go involve this lawyer, since he is a major free speech advocate and is calling for a solution to the problem that Alignment Systems explicitly solves. \n'}, {'type': 'link', 'url': 'https://podcasts.apple.com/us/podcast/lex-fridman-podcast/id1434243584?i=1000629016031'}]}]}]"
U02F33WP5FX,message,1688138158.684969,b945bd19-ab74-4874-bbd5-ff90002610ad,<https://www.youtube.com/shorts/5Ywe_PXGnN8>,T02FVNL7X6U,"[{'from_url': 'https://www.youtube.com/shorts/5Ywe_PXGnN8', 'thumb_url': 'https://i.ytimg.com/vi/5Ywe_PXGnN8/hq2.jpg?sqp=-oaymwEoCOADEOgC8quKqQMcGADwAQH4AbYIgAKAD4oCDAgAEAEYZSBhKFkwDw==&rs=AOn4CLAI_9oMx_vdAKjFzpZiXQ_6ieuKVA', 'thumb_width': 480, 'thumb_height': 360, 'image_url': 'https://i.ytimg.com/vi/5Ywe_PXGnN8/hq2.jpg?sqp=-oaymwEoCOADEOgC8quKqQMcGADwAQH4AbYIgAKAD4oCDAgAEAEYZSBhKFkwDw==&rs=AOn4CLAI_9oMx_vdAKjFzpZiXQ_6ieuKVA', 'image_width': 480, 'image_height': 360, 'image_bytes': 7664, 'service_icon': 'https://www.youtube.com/s/desktop/50a00ebf/img/favicon.ico', 'id': 1, 'original_url': 'https://www.youtube.com/shorts/5Ywe_PXGnN8', 'fallback': 'YouTube: An evolutionary approach for Twitter - @lexfridman', 'text': '""Joscha Bach Bits"" features short videos of Joscha Bach\'s ideas, opinions, and perspectives on various topics, edited from interviews. #JoschaBachBits #Philo...', 'title': 'An evolutionary approach for Twitter - @lexfridman', 'title_link': 'https://www.youtube.com/shorts/5Ywe_PXGnN8', 'service_name': 'YouTube'}]","[{'type': 'rich_text', 'block_id': 'hg=qk', 'elements': [{'type': 'rich_text_section', 'elements': [{'type': 'link', 'url': 'https://www.youtube.com/shorts/5Ywe_PXGnN8'}]}]}]"
U02F33WP5FX,message,1688138047.637409,031ea7e4-fdb6-4b83-9ca9-8482779b66fa,<https://www.youtube.com/watch?v=07uZhBeATx4>,T02FVNL7X6U,"[{'from_url': 'https://www.youtube.com/watch?v=07uZhBeATx4', 'service_icon': 'https://a.slack-edge.com/80588/img/unfurl_icons/youtube.png', 'thumb_url': 'https://i.ytimg.com/vi/07uZhBeATx4/hqdefault.jpg', 'thumb_width': 480, 'thumb_height': 360, 'video_html': '<iframe width=""400"" height=""225"" src=""https://www.youtube.com/embed/07uZhBeATx4?feature=oembed&autoplay=1&iv_load_policy=3"" frameborder=""0"" allow=""accelerometer; autoplay; clipboard-write; encrypted-media; gyroscope; picture-in-picture; web-share"" allowfullscreen title=""Joscha Bach on how the US media and social media giants trying to prevent the lateral spread of info""></iframe>', 'video_html_width': 400, 'video_html_height': 225, 'id': 1, 'original_url': 'https://www.youtube.com/watch?v=07uZhBeATx4', 'fallback': 'YouTube Video: Joscha Bach on how the US media and social media giants trying to prevent the lateral spread of info', 'title': 'Joscha Bach on how the US media and social media giants trying to prevent the lateral spread of info', 'title_link': 'https://www.youtube.com/watch?v=07uZhBeATx4', 'author_name': 'SupatiltOG', 'author_link': 'https://www.youtube.com/@supatiltog356', 'service_name': 'YouTube', 'service_url': 'https://www.youtube.com/'}]","[{'type': 'rich_text', 'block_id': 'MUQj', 'elements': [{'type': 'rich_text_section', 'elements': [{'type': 'link', 'url': 'https://www.youtube.com/watch?v=07uZhBeATx4'}]}]}]"
